{"cameraMode":{"drawMode":0,"name":"Shaded","section":"Shading Mode"},"sceneLighting":true,"audioPlay":false,"sceneViewState":{"m_AlwaysRefresh":false,"showFog":true,"showSkybox":true,"showFlares":true,"showImageEffects":true,"showParticleSystems":true,"showVisualEffectGraphs":true,"m_FxEnabled":true},"in2DMode":false,"pivot":{"x":-0.8645056486129761,"y":-3.6457481384277345,"z":-1.2822074890136719},"rotation":{"x":-0.2875606417655945,"y":0.029302937909960748,"z":-0.008803327567875386,"w":-0.9573073387145996},"size":10.003888130187989,"orthographic":false}